{
    "load_date": "2026-02-12 14:36:57.943496",
    "potential": "linear",
    "cutoff": 2,
    "N": 2,
    "a": 1.0,
    "c": null,
    "boundary_condition": "periodic",
    "num_qubits": 4,
    "H_size": [
        16,
        16
    ],
    "H_dense_mem_estimate_bytes": 4096,
    "H_sparse_mem_estimate_bytes": 388,
    "H_pauli_time": "0:00:00.001890",
    "H_creation_time": "0:00:00.004324",
    "H_eigenvalue_time": "0:00:00.008881",
    "used_dense": true,
    "eigenvalues": [
        0.0,
        0.0,
        0.0,
        0.0,
        1.0,
        1.0,
        1.0,
        1.0
    ],
    "best_basis_state": [
        1,
        0,
        0,
        0
    ],
    "basis_prob": 1.0,
    "num_paulis": 3,
    "pauli_coeffs": [
        1.0,
        -0.5,
        0.5
    ],
    "pauli_labels": [
        "IIII",
        "IIZI",
        "ZIII"
    ]
}