{
    "load_date": "2026-01-15 14:32:43.230046",
    "potential": "linear",
    "cutoff": 4,
    "N": 6,
    "a": 1.0,
    "c": null,
    "boundary_condition": "periodic",
    "num_qubits": 18,
    "H_size": [
        262144,
        262144
    ],
    "H_dense_mem_estimate_bytes": 1099511627776,
    "H_sparse_mem_estimate_bytes": 195035140,
    "H_pauli_time": "0:00:00.010436",
    "H_creation_time": "0:00:00.111183",
    "H_eigenvalue_time": "0:00:14.593763",
    "eigenvalues": [
        -0.0010959781127240396,
        0.8143171817706578,
        0.8143171817706668,
        1.027540836500916,
        1.0275408365009282,
        1.0275408365009346,
        1.0275408365009533,
        1.1124077818288483
    ],
    "best_basis_state": [
        1,
        0,
        0,
        0,
        0,
        0,
        1,
        0,
        0,
        0,
        0,
        0,
        1,
        0,
        0,
        0,
        0,
        0
    ],
    "basis_prob": 0.7398764430854654,
    "num_paulis": 139,
    "pauli_coeffs": [
        11.25,
        -0.6249999999999999,
        -0.6250000000000001,
        -0.5,
        -0.6249999999999999,
        -0.6250000000000001,
        0.5,
        -0.6249999999999999,
        -0.6250000000000001,
        -0.5,
        -0.6249999999999999,
        -0.6250000000000001,
        0.5,
        -0.6249999999999999,
        -0.6250000000000001,
        -0.5,
        -0.6249999999999999,
        -0.6250000000000001,
        0.5,
        0.25,
        0.25,
        0.25,
        0.25,
        0.25,
        0.25,
        0.25,
        0.25,
        0.25,
        0.25,
        -0.25,
        -0.25,
        0.24148145657226705,
        -0.06470476127563018,
        0.24148145657226705,
        -0.06470476127563018,
        -0.2332531754730548,
        -0.12074072828613353,
        -0.12074072828613353,
        0.0625,
        -0.12074072828613353,
        -0.0625,
        -0.0625,
        0.03235238063781509,
        -0.12074072828613353,
        -0.0625,
        -0.0625,
        0.03235238063781509,
        0.06249999999999999,
        0.03235238063781509,
        0.03235238063781509,
        -0.01674682452694517,
        0.24148145657226705,
        -0.06470476127563018,
        0.24148145657226705,
        -0.06470476127563018,
        -0.2332531754730548,
        -0.12074072828613353,
        -0.12074072828613353,
        0.0625,
        -0.12074072828613353,
        -0.0625,
        -0.0625,
        0.03235238063781509,
        -0.12074072828613353,
        -0.0625,
        -0.0625,
        0.03235238063781509,
        0.06249999999999999,
        0.03235238063781509,
        0.03235238063781509,
        -0.01674682452694517,
        0.24148145657226705,
        -0.06470476127563018,
        -0.2332531754730548,
        -0.12074072828613353,
        -0.12074072828613353,
        0.0625,
        -0.12074072828613353,
        -0.0625,
        -0.0625,
        0.03235238063781509,
        -0.12074072828613353,
        -0.0625,
        -0.0625,
        0.03235238063781509,
        0.06249999999999999,
        0.03235238063781509,
        0.03235238063781509,
        -0.01674682452694517,
        0.24148145657226705,
        -0.06470476127563018,
        -0.2332531754730548,
        -0.12074072828613353,
        -0.12074072828613353,
        0.0625,
        -0.12074072828613353,
        -0.0625,
        -0.0625,
        0.03235238063781509,
        -0.12074072828613353,
        -0.0625,
        -0.0625,
        0.03235238063781509,
        0.06249999999999999,
        0.03235238063781509,
        0.03235238063781509,
        -0.01674682452694517,
        -0.2332531754730548,
        -0.12074072828613353,
        -0.12074072828613353,
        0.0625,
        -0.12074072828613353,
        -0.0625,
        -0.0625,
        0.03235238063781509,
        -0.12074072828613353,
        -0.0625,
        -0.0625,
        0.03235238063781509,
        0.06249999999999999,
        0.03235238063781509,
        0.03235238063781509,
        -0.01674682452694517,
        -0.2332531754730548,
        -0.12074072828613353,
        -0.12074072828613353,
        0.0625,
        -0.12074072828613353,
        -0.0625,
        -0.0625,
        0.03235238063781509,
        -0.12074072828613353,
        -0.0625,
        -0.0625,
        0.03235238063781509,
        0.06249999999999999,
        0.03235238063781509,
        0.03235238063781509,
        -0.01674682452694517
    ],
    "pauli_labels": [
        "IIIIIIIIIIIIIIIIII",
        "IIIIIIIIIIIIIIIIZI",
        "IIIIIIIIIIIIIIIIZZ",
        "IIIIIIIIIIIIIIIZII",
        "IIIIIIIIIIIIIZIIII",
        "IIIIIIIIIIIIIZZIII",
        "IIIIIIIIIIIIZIIIII",
        "IIIIIIIIIIZIIIIIII",
        "IIIIIIIIIIZZIIIIII",
        "IIIIIIIIIZIIIIIIII",
        "IIIIIIIZIIIIIIIIII",
        "IIIIIIIZZIIIIIIIII",
        "IIIIIIZIIIIIIIIIII",
        "IIIIZIIIIIIIIIIIII",
        "IIIIZZIIIIIIIIIIII",
        "IIIZIIIIIIIIIIIIII",
        "IZIIIIIIIIIIIIIIII",
        "IZZIIIIIIIIIIIIIII",
        "ZIIIIIIIIIIIIIIIII",
        "IIIIIIIIIIIIXIIXII",
        "IIIIIIIIIIIIYIIYII",
        "IIIIIIIIIXIIXIIIII",
        "IIIIIIIIIYIIYIIIII",
        "IIIIIIXIIXIIIIIIII",
        "IIIIIIYIIYIIIIIIII",
        "IIIXIIXIIIIIIIIIII",
        "IIIYIIYIIIIIIIIIII",
        "XIIXIIIIIIIIIIIIII",
        "YIIYIIIIIIIIIIIIII",
        "XIIIIIIIIIIIIIIXII",
        "YIIIIIIIIIIIIIIYII",
        "IIIIIIIIIIIIIXIIII",
        "IIIIIIIIIIIIIXZIII",
        "IXIIIIIIIIIIIIIIII",
        "IXZIIIIIIIIIIIIIII",
        "IIXIIIIIIIIIIIXIII",
        "IXXIIIIIIIIIIIXIII",
        "IYYIIIIIIIIIIIXIII",
        "IZXIIIIIIIIIIIXIII",
        "IIXIIIIIIIIIIXXIII",
        "IXXIIIIIIIIIIXXIII",
        "IYYIIIIIIIIIIXXIII",
        "IZXIIIIIIIIIIXXIII",
        "IIXIIIIIIIIIIYYIII",
        "IXXIIIIIIIIIIYYIII",
        "IYYIIIIIIIIIIYYIII",
        "IZXIIIIIIIIIIYYIII",
        "IIXIIIIIIIIIIZXIII",
        "IXXIIIIIIIIIIZXIII",
        "IYYIIIIIIIIIIZXIII",
        "IZXIIIIIIIIIIZXIII",
        "IIIIIIIIIIXIIIIIII",
        "IIIIIIIIIIXZIIIIII",
        "IIIIIIIIIIIIIIIIXI",
        "IIIIIIIIIIIIIIIIXZ",
        "IIIIIIIIIIIXIIIIIX",
        "IIIIIIIIIIIXIIIIXX",
        "IIIIIIIIIIIXIIIIYY",
        "IIIIIIIIIIIXIIIIZX",
        "IIIIIIIIIIXXIIIIIX",
        "IIIIIIIIIIXXIIIIXX",
        "IIIIIIIIIIXXIIIIYY",
        "IIIIIIIIIIXXIIIIZX",
        "IIIIIIIIIIYYIIIIIX",
        "IIIIIIIIIIYYIIIIXX",
        "IIIIIIIIIIYYIIIIYY",
        "IIIIIIIIIIYYIIIIZX",
        "IIIIIIIIIIZXIIIIIX",
        "IIIIIIIIIIZXIIIIXX",
        "IIIIIIIIIIZXIIIIYY",
        "IIIIIIIIIIZXIIIIZX",
        "IIIIIIIXIIIIIIIIII",
        "IIIIIIIXZIIIIIIIII",
        "IIIIIIIIXIIIIIXIII",
        "IIIIIIIIXIIIIXXIII",
        "IIIIIIIIXIIIIYYIII",
        "IIIIIIIIXIIIIZXIII",
        "IIIIIIIXXIIIIIXIII",
        "IIIIIIIXXIIIIXXIII",
        "IIIIIIIXXIIIIYYIII",
        "IIIIIIIXXIIIIZXIII",
        "IIIIIIIYYIIIIIXIII",
        "IIIIIIIYYIIIIXXIII",
        "IIIIIIIYYIIIIYYIII",
        "IIIIIIIYYIIIIZXIII",
        "IIIIIIIZXIIIIIXIII",
        "IIIIIIIZXIIIIXXIII",
        "IIIIIIIZXIIIIYYIII",
        "IIIIIIIZXIIIIZXIII",
        "IIIIXIIIIIIIIIIIII",
        "IIIIXZIIIIIIIIIIII",
        "IIIIIXIIIIIXIIIIII",
        "IIIIIXIIIIXXIIIIII",
        "IIIIIXIIIIYYIIIIII",
        "IIIIIXIIIIZXIIIIII",
        "IIIIXXIIIIIXIIIIII",
        "IIIIXXIIIIXXIIIIII",
        "IIIIXXIIIIYYIIIIII",
        "IIIIXXIIIIZXIIIIII",
        "IIIIYYIIIIIXIIIIII",
        "IIIIYYIIIIXXIIIIII",
        "IIIIYYIIIIYYIIIIII",
        "IIIIYYIIIIZXIIIIII",
        "IIIIZXIIIIIXIIIIII",
        "IIIIZXIIIIXXIIIIII",
        "IIIIZXIIIIYYIIIIII",
        "IIIIZXIIIIZXIIIIII",
        "IIXIIIIIXIIIIIIIII",
        "IIXIIIIXXIIIIIIIII",
        "IIXIIIIYYIIIIIIIII",
        "IIXIIIIZXIIIIIIIII",
        "IXXIIIIIXIIIIIIIII",
        "IXXIIIIXXIIIIIIIII",
        "IXXIIIIYYIIIIIIIII",
        "IXXIIIIZXIIIIIIIII",
        "IYYIIIIIXIIIIIIIII",
        "IYYIIIIXXIIIIIIIII",
        "IYYIIIIYYIIIIIIIII",
        "IYYIIIIZXIIIIIIIII",
        "IZXIIIIIXIIIIIIIII",
        "IZXIIIIXXIIIIIIIII",
        "IZXIIIIYYIIIIIIIII",
        "IZXIIIIZXIIIIIIIII",
        "IIIIIXIIIIIIIIIIIX",
        "IIIIXXIIIIIIIIIIIX",
        "IIIIYYIIIIIIIIIIIX",
        "IIIIZXIIIIIIIIIIIX",
        "IIIIIXIIIIIIIIIIXX",
        "IIIIXXIIIIIIIIIIXX",
        "IIIIYYIIIIIIIIIIXX",
        "IIIIZXIIIIIIIIIIXX",
        "IIIIIXIIIIIIIIIIYY",
        "IIIIXXIIIIIIIIIIYY",
        "IIIIYYIIIIIIIIIIYY",
        "IIIIZXIIIIIIIIIIYY",
        "IIIIIXIIIIIIIIIIZX",
        "IIIIXXIIIIIIIIIIZX",
        "IIIIYYIIIIIIIIIIZX",
        "IIIIZXIIIIIIIIIIZX"
    ]
}